{
    "problem_r2_200.npy": null,
    "problem_r2_1000.npy": null,
    "problem_r1_100.npy": null,
    "problem_g_500.npy": -40104.87699077512,
    "problem_r1_500.npy": null,
    "problem_g_100.npy": -5945.37840575173,
    "problem_r1_20.npy": null,
    "problem_g_10.npy": -1497.6636482252907,
    "problem_r1_50.npy": null,
    "problem_r2_100.npy": null,
    "problem_r1_200.npy": null,
    "problem_g_200.npy": -13511.140219368079,
    "problem_r2_10.npy": null,
    "problem_r2_500.npy": null,
    "problem_r2_20.npy": null,
    "problem_r1_1000.npy": null,
    "problem_g_50.npy": -3244.6766251926715,
    "problem_g_20.npy": -1755.514677083005,
    "problem_r1_10.npy": null,
    "problem_g_1000.npy": -98477.78789709575,
    "problem_r2_50.npy": null
}